-- phpMyAdmin SQL Dump
-- version 5.2.0
-- https://www.phpmyadmin.net/
--
-- Host: localhost:3306
-- Generation Time: Jan 27, 2026 at 12:38 PM
-- Server version: 8.0.30
-- PHP Version: 8.2.29

SET SQL_MODE = "NO_AUTO_VALUE_ON_ZERO";
START TRANSACTION;
SET time_zone = "+00:00";


/*!40101 SET @OLD_CHARACTER_SET_CLIENT=@@CHARACTER_SET_CLIENT */;
/*!40101 SET @OLD_CHARACTER_SET_RESULTS=@@CHARACTER_SET_RESULTS */;
/*!40101 SET @OLD_COLLATION_CONNECTION=@@COLLATION_CONNECTION */;
/*!40101 SET NAMES utf8mb4 */;

--
-- Database: `information_lab`
--

-- --------------------------------------------------------

--
-- Table structure for table `api_tokens`
--

CREATE TABLE `api_tokens` (
  `id` int NOT NULL,
  `token` varchar(255) NOT NULL,
  `username` varchar(100) DEFAULT NULL,
  `created_at` timestamp NULL DEFAULT CURRENT_TIMESTAMP
) ENGINE=InnoDB DEFAULT CHARSET=utf8mb4 COLLATE=utf8mb4_0900_ai_ci;

--
-- Dumping data for table `api_tokens`
--

INSERT INTO `api_tokens` (`id`, `token`, `username`, `created_at`) VALUES
(1, 'ece46924b14760c2170e352a78a86f687a64777cdaed94c54eeafefa9a9a8cd8', 'admin', '2025-11-30 06:40:48'),
(2, '205a84d0ccf661857e2179690dae9f71196dfffe7d0fc14ca08b5fccf1156d7f', 'admin', '2025-11-30 07:31:30'),
(3, 'a5264d9f40397905dc3bb8b5251725eb8a75d1c3ced53622efc643c5415ab3db', 'admin', '2025-11-30 07:32:01'),
(4, '1af41f6f4c449f72c287761198ed489ffb87120e3c3db2da46dcb4f05fa0c3fd', 'admin', '2025-11-30 09:06:13'),
(5, 'f3d2399d6606e03f087504a25bf52e90d311a89387d9bb63299e361eb36914c8', 'admin', '2025-11-30 10:46:31'),
(6, '657fbbdab20ff2235ef858a41d25b51624233ded28afd6d295ceb902e01391e0', 'admin', '2025-11-30 10:50:31');

-- --------------------------------------------------------

--
-- Table structure for table `labs`
--

CREATE TABLE `labs` (
  `id` bigint UNSIGNED NOT NULL,
  `name` varchar(255) COLLATE utf8mb4_unicode_ci NOT NULL,
  `code` varchar(255) COLLATE utf8mb4_unicode_ci NOT NULL,
  `location` varchar(255) COLLATE utf8mb4_unicode_ci DEFAULT NULL,
  `capacity` smallint UNSIGNED DEFAULT NULL,
  `created_at` timestamp NULL DEFAULT CURRENT_TIMESTAMP,
  `updated_at` timestamp NULL DEFAULT CURRENT_TIMESTAMP ON UPDATE CURRENT_TIMESTAMP
) ENGINE=InnoDB DEFAULT CHARSET=utf8mb4 COLLATE=utf8mb4_unicode_ci;

--
-- Dumping data for table `labs`
--

INSERT INTO `labs` (`id`, `name`, `code`, `location`, `capacity`, `created_at`, `updated_at`) VALUES
(1, 'LAB 1', 'LAB1', NULL, NULL, '2025-10-06 03:51:53', '2025-10-06 03:51:53'),
(3, 'Lab 2', 'LAB2', 'eaaaaaa', 41, '2025-10-08 10:31:54', '2025-10-08 10:31:54'),
(4, 'Lab 3', 'LAB3', 'LAB3', 41, '2025-11-25 10:16:11', '2025-11-25 10:16:11'),
(5, 'Lab 4', 'LAB4', NULL, 41, '2025-11-30 07:32:37', '2025-11-30 07:32:37'),
(6, 'LAB 5', 'LAB5', NULL, 41, '2025-11-30 07:32:55', '2025-11-30 07:32:55'),
(7, 'LAB TBS', 'AWS', NULL, 30, '2025-11-30 07:33:09', '2025-11-30 07:33:09');

-- --------------------------------------------------------

--
-- Table structure for table `lab_responsibles`
--

CREATE TABLE `lab_responsibles` (
  `id` bigint UNSIGNED NOT NULL,
  `teacher_id` bigint UNSIGNED NOT NULL,
  `lab_id` bigint UNSIGNED NOT NULL,
  `assigned_from` date DEFAULT NULL,
  `assigned_until` date DEFAULT NULL,
  `created_at` timestamp NULL DEFAULT CURRENT_TIMESTAMP,
  `updated_at` timestamp NULL DEFAULT CURRENT_TIMESTAMP ON UPDATE CURRENT_TIMESTAMP
) ENGINE=InnoDB DEFAULT CHARSET=utf8mb4 COLLATE=utf8mb4_unicode_ci;

--
-- Dumping data for table `lab_responsibles`
--

INSERT INTO `lab_responsibles` (`id`, `teacher_id`, `lab_id`, `assigned_from`, `assigned_until`, `created_at`, `updated_at`) VALUES
(2, 8, 1, '2025-10-08', '2025-10-31', '2025-10-08 10:35:06', '2025-10-08 10:35:06');

-- --------------------------------------------------------

--
-- Table structure for table `schedules`
--

CREATE TABLE `schedules` (
  `id` bigint UNSIGNED NOT NULL,
  `subject_id` bigint UNSIGNED NOT NULL,
  `teacher_id` bigint UNSIGNED NOT NULL,
  `lab_id` bigint UNSIGNED NOT NULL,
  `lab_responsible_id` bigint UNSIGNED DEFAULT NULL,
  `day_of_week` varchar(255) COLLATE utf8mb4_unicode_ci NOT NULL,
  `session_number` tinyint UNSIGNED NOT NULL,
  `starts_at` time NOT NULL,
  `ends_at` time NOT NULL,
  `session_label` varchar(255) COLLATE utf8mb4_unicode_ci DEFAULT NULL,
  `group_label` varchar(255) COLLATE utf8mb4_unicode_ci DEFAULT NULL,
  `notes` text COLLATE utf8mb4_unicode_ci,
  `created_at` timestamp NULL DEFAULT CURRENT_TIMESTAMP,
  `updated_at` timestamp NULL DEFAULT CURRENT_TIMESTAMP ON UPDATE CURRENT_TIMESTAMP
) ENGINE=InnoDB DEFAULT CHARSET=utf8mb4 COLLATE=utf8mb4_unicode_ci;

--
-- Dumping data for table `schedules`
--

INSERT INTO `schedules` (`id`, `subject_id`, `teacher_id`, `lab_id`, `lab_responsible_id`, `day_of_week`, `session_number`, `starts_at`, `ends_at`, `session_label`, `group_label`, `notes`, `created_at`, `updated_at`) VALUES
(1, 1, 1, 1, NULL, 'Senin', 1, '07:15:00', '07:55:00', 'Jam Ke-1', 'PST', NULL, '2025-10-06 03:51:53', '2025-10-06 03:51:53'),
(2, 1, 1, 1, NULL, 'Senin', 2, '07:55:00', '08:35:00', 'Jam Ke-2', 'PST', NULL, '2025-10-06 03:51:53', '2025-10-06 03:51:53'),
(3, 2, 2, 1, NULL, 'Senin', 3, '08:35:00', '09:15:00', 'Jam Ke-3', 'Inggris', NULL, '2025-10-06 03:51:53', '2025-10-06 03:51:53'),
(4, 2, 2, 1, NULL, 'Senin', 4, '09:30:00', '10:10:00', 'Jam Ke-4', 'Inggris', NULL, '2025-10-06 03:51:53', '2025-10-06 03:51:53'),
(5, 3, 3, 1, NULL, 'Senin', 5, '10:10:00', '10:50:00', 'Jam Ke-5', 'PWB', NULL, '2025-10-06 03:51:53', '2025-10-06 03:51:53'),
(6, 3, 3, 1, NULL, 'Senin', 6, '10:50:00', '11:30:00', 'Jam Ke-6', 'PWB', NULL, '2025-10-06 03:51:53', '2025-10-06 03:51:53'),
(7, 3, 3, 1, NULL, 'Senin', 7, '11:30:00', '12:10:00', 'Jam Ke-7', 'PWB', NULL, '2025-10-06 03:51:53', '2025-10-06 03:51:53'),
(8, 3, 3, 1, NULL, 'Senin', 8, '13:00:00', '13:40:00', 'Jam Ke-8', 'PWB', NULL, '2025-10-06 03:51:53', '2025-10-06 03:51:53'),
(9, 3, 3, 1, NULL, 'Senin', 9, '13:40:00', '14:20:00', 'Jam Ke-9', 'PWB', NULL, '2025-10-06 03:51:53', '2025-10-06 03:51:53'),
(10, 3, 3, 1, NULL, 'Senin', 10, '14:20:00', '15:00:00', 'Jam Ke-10', 'PWB', NULL, '2025-10-06 03:51:53', '2025-10-06 03:51:53'),
(11, 4, 4, 1, NULL, 'Selasa', 1, '07:15:00', '07:55:00', 'Jam Ke-1', 'PBT', NULL, '2025-10-06 03:51:53', '2025-10-06 03:51:53'),
(12, 4, 4, 1, NULL, 'Selasa', 2, '07:55:00', '08:35:00', 'Jam Ke-2', 'PBT', NULL, '2025-10-06 03:51:53', '2025-10-06 03:51:53'),
(13, 4, 4, 1, NULL, 'Selasa', 3, '08:35:00', '09:15:00', 'Jam Ke-3', 'PBT', NULL, '2025-10-06 03:51:53', '2025-10-06 03:51:53'),
(14, 4, 4, 1, NULL, 'Selasa', 4, '09:30:00', '10:10:00', 'Jam Ke-4', 'PBT', NULL, '2025-10-06 03:51:53', '2025-10-06 03:51:53'),
(15, 4, 4, 1, NULL, 'Selasa', 5, '10:10:00', '10:50:00', 'Jam Ke-5', 'PBT', NULL, '2025-10-06 03:51:53', '2025-10-06 03:51:53'),
(16, 4, 4, 1, NULL, 'Selasa', 6, '10:50:00', '11:30:00', 'Jam Ke-6', 'PBT', NULL, '2025-10-06 03:51:53', '2025-10-06 03:51:53'),
(17, 5, 5, 1, NULL, 'Selasa', 7, '11:30:00', '12:10:00', 'Jam Ke-7', 'PAI', NULL, '2025-10-06 03:51:53', '2025-10-06 03:51:53'),
(18, 6, 6, 1, NULL, 'Selasa', 8, '13:00:00', '13:40:00', 'Jam Ke-8', 'Indonesia', NULL, '2025-10-06 03:51:53', '2025-10-06 03:51:53'),
(19, 6, 6, 1, NULL, 'Selasa', 9, '13:40:00', '14:20:00', 'Jam Ke-9', 'Indonesia', NULL, '2025-10-06 03:51:53', '2025-10-06 03:51:53'),
(20, 6, 6, 1, NULL, 'Selasa', 10, '14:20:00', '15:00:00', 'Jam Ke-10', 'Indonesia', NULL, '2025-10-06 03:51:53', '2025-10-06 03:51:53'),
(21, 7, 7, 1, NULL, 'Rabu', 1, '07:15:00', '07:55:00', 'Jam Ke-1', 'PKK', NULL, '2025-10-06 03:51:53', '2025-10-08 10:34:22'),
(22, 7, 7, 1, NULL, 'Rabu', 2, '07:55:00', '08:35:00', 'Jam Ke-2', 'PKK', NULL, '2025-10-06 03:51:53', '2025-10-06 03:51:53'),
(23, 7, 7, 1, NULL, 'Rabu', 3, '08:35:00', '09:15:00', 'Jam Ke-3', 'PKK', NULL, '2025-10-06 03:51:53', '2025-10-06 03:51:53'),
(24, 7, 7, 1, NULL, 'Rabu', 4, '09:30:00', '10:10:00', 'Jam Ke-4', 'PKK', NULL, '2025-10-06 03:51:53', '2025-10-08 04:06:06'),
(25, 7, 7, 1, NULL, 'Rabu', 5, '10:10:00', '10:50:00', 'Jam Ke-5', 'PKK', NULL, '2025-10-06 03:51:53', '2025-10-06 03:51:53'),
(26, 8, 8, 1, NULL, 'Rabu', 6, '10:50:00', '11:30:00', 'Jam Ke-6', 'PPB', NULL, '2025-10-06 03:51:53', '2025-10-06 03:51:53'),
(27, 8, 8, 1, NULL, 'Rabu', 7, '11:30:00', '12:10:00', 'Jam Ke-7', 'PPB', NULL, '2025-10-06 03:51:53', '2025-10-06 03:51:53'),
(28, 8, 8, 1, NULL, 'Rabu', 8, '13:00:00', '13:40:00', 'Jam Ke-8', 'PPB', NULL, '2025-10-06 03:51:53', '2025-10-06 03:51:53'),
(29, 8, 8, 1, NULL, 'Rabu', 9, '13:40:00', '14:20:00', 'Jam Ke-9', 'PPB', NULL, '2025-10-06 03:51:53', '2025-10-06 03:51:53'),
(30, 8, 8, 1, NULL, 'Rabu', 10, '14:20:00', '15:00:00', 'Jam Ke-10', 'PPB', NULL, '2025-10-06 03:51:53', '2025-10-06 03:51:53'),
(31, 1, 1, 1, NULL, 'Kamis', 1, '07:15:00', '07:55:00', 'Jam Ke-1', 'PST', NULL, '2025-10-06 03:51:53', '2025-10-06 03:51:53'),
(32, 1, 1, 1, NULL, 'Kamis', 2, '07:55:00', '08:35:00', 'Jam Ke-2', 'PST', NULL, '2025-10-06 03:51:53', '2025-10-06 03:51:53'),
(33, 2, 2, 1, NULL, 'Kamis', 3, '08:35:00', '09:15:00', 'Jam Ke-3', 'Inggris', NULL, '2025-10-06 03:51:53', '2025-10-06 03:51:53'),
(34, 2, 2, 1, NULL, 'Kamis', 4, '09:30:00', '10:10:00', 'Jam Ke-4', 'Inggris', NULL, '2025-10-06 03:51:53', '2025-10-06 03:51:53'),
(35, 9, 9, 1, NULL, 'Kamis', 5, '10:10:00', '10:50:00', 'Jam Ke-5', 'PPS', NULL, '2025-10-06 03:51:53', '2025-10-06 03:51:53'),
(36, 9, 9, 1, NULL, 'Kamis', 6, '10:50:00', '11:30:00', 'Jam Ke-6', 'PPS', NULL, '2025-10-06 03:51:53', '2025-10-06 03:51:53'),
(37, 5, 5, 1, NULL, 'Kamis', 7, '11:30:00', '12:10:00', 'Jam Ke-7', 'PAI', NULL, '2025-10-06 03:51:53', '2025-10-06 03:51:53'),
(38, 5, 5, 1, NULL, 'Kamis', 8, '13:00:00', '13:40:00', 'Jam Ke-8', 'PAI', NULL, '2025-10-06 03:51:53', '2025-10-06 03:51:53'),
(39, 10, 10, 1, NULL, 'Kamis', 9, '13:40:00', '14:20:00', 'Jam Ke-9', 'PFS', NULL, '2025-10-06 03:51:53', '2025-10-06 03:51:53'),
(40, 10, 10, 1, NULL, 'Kamis', 10, '14:20:00', '15:00:00', 'Jam Ke-10', 'PFS', NULL, '2025-10-06 03:51:53', '2025-10-06 03:51:53'),
(41, 11, 11, 1, NULL, 'Jumat', 1, '07:15:00', '07:55:00', 'Jam Ke-1', 'BSD', NULL, '2025-10-06 03:51:53', '2025-10-06 03:51:53'),
(42, 11, 11, 1, NULL, 'Jumat', 2, '07:55:00', '08:35:00', 'Jam Ke-2', 'BSD', NULL, '2025-10-06 03:51:53', '2025-10-06 03:51:53'),
(43, 11, 11, 1, NULL, 'Jumat', 3, '08:35:00', '09:15:00', 'Jam Ke-3', 'BSD', NULL, '2025-10-06 03:51:53', '2025-10-06 03:51:53'),
(44, 11, 11, 1, NULL, 'Jumat', 4, '09:30:00', '10:10:00', 'Jam Ke-4', 'BSD', NULL, '2025-10-06 03:51:53', '2025-10-06 03:51:53'),
(45, 11, 11, 1, NULL, 'Jumat', 5, '10:10:00', '10:50:00', 'Jam Ke-5', 'BSD', NULL, '2025-10-06 03:51:53', '2025-10-06 03:51:53'),
(46, 12, 12, 1, NULL, 'Jumat', 6, '10:50:00', '11:30:00', 'Jam Ke-6', 'MTK', NULL, '2025-10-06 03:51:53', '2025-10-06 03:51:53'),
(47, 12, 12, 1, NULL, 'Jumat', 7, '13:00:00', '13:40:00', 'Jam Ke-7', 'MTK', NULL, '2025-10-06 03:51:53', '2025-10-06 03:51:53'),
(48, 12, 12, 1, NULL, 'Jumat', 8, '13:40:00', '14:20:00', 'Jam Ke-8', 'MTK', NULL, '2025-10-06 03:51:53', '2025-10-06 03:51:53'),
(49, 2, 2, 3, NULL, 'Selasa', 1, '07:15:00', '07:55:00', 'Jam Ke-1', 'INGGRIS', NULL, '2025-11-25 15:43:33', '2025-11-25 15:43:33'),
(50, 1, 5, 3, NULL, 'Senin', 1, '07:15:00', '07:55:00', 'Jam Ke-1', 'PST', NULL, '2025-11-30 09:05:41', '2025-11-30 09:05:41'),
(51, 1, 6, 3, NULL, 'Senin', 2, '07:55:00', '08:35:00', 'Jam Ke-2', 'PST', NULL, '2025-11-30 09:05:41', '2025-11-30 09:05:41'),
(52, 2, 7, 3, NULL, 'Senin', 3, '08:35:00', '09:15:00', 'Jam Ke-3', 'Inggris', NULL, '2025-11-30 09:05:41', '2025-11-30 09:05:41'),
(53, 2, 8, 3, NULL, 'Senin', 4, '09:30:00', '10:10:00', 'Jam Ke-4', 'Inggris', NULL, '2025-11-30 09:05:41', '2025-11-30 09:05:41'),
(54, 3, 9, 3, NULL, 'Senin', 5, '10:10:00', '10:50:00', 'Jam Ke-5', 'PWB', NULL, '2025-11-30 09:05:41', '2025-11-30 09:05:41'),
(55, 3, 10, 3, NULL, 'Senin', 6, '10:50:00', '11:30:00', 'Jam Ke-6', 'PWB', NULL, '2025-11-30 09:05:41', '2025-11-30 09:05:41'),
(56, 3, 11, 3, NULL, 'Senin', 7, '11:30:00', '12:10:00', 'Jam Ke-7', 'PWB', NULL, '2025-11-30 09:05:41', '2025-11-30 09:05:41'),
(57, 3, 12, 3, NULL, 'Senin', 8, '13:00:00', '13:40:00', 'Jam Ke-8', 'PWB', NULL, '2025-11-30 09:05:41', '2025-11-30 09:05:41'),
(58, 3, 1, 3, NULL, 'Senin', 9, '13:40:00', '14:20:00', 'Jam Ke-9', 'PWB', NULL, '2025-11-30 09:05:41', '2025-11-30 09:05:41'),
(59, 3, 2, 3, NULL, 'Senin', 10, '14:20:00', '15:00:00', 'Jam Ke-10', 'PWB', NULL, '2025-11-30 09:05:41', '2025-11-30 09:05:41'),
(60, 4, 6, 3, NULL, 'Selasa', 2, '07:55:00', '08:35:00', 'Jam Ke-2', 'PBT', NULL, '2025-11-30 09:05:41', '2025-11-30 09:05:41'),
(61, 4, 7, 3, NULL, 'Selasa', 3, '08:35:00', '09:15:00', 'Jam Ke-3', 'PBT', NULL, '2025-11-30 09:05:41', '2025-11-30 09:05:41'),
(62, 4, 8, 3, NULL, 'Selasa', 4, '09:30:00', '10:10:00', 'Jam Ke-4', 'PBT', NULL, '2025-11-30 09:05:41', '2025-11-30 09:05:41'),
(63, 4, 9, 3, NULL, 'Selasa', 5, '10:10:00', '10:50:00', 'Jam Ke-5', 'PBT', NULL, '2025-11-30 09:05:41', '2025-11-30 09:05:41'),
(64, 4, 10, 3, NULL, 'Selasa', 6, '10:50:00', '11:30:00', 'Jam Ke-6', 'PBT', NULL, '2025-11-30 09:05:41', '2025-11-30 09:05:41'),
(65, 5, 11, 3, NULL, 'Selasa', 7, '11:30:00', '12:10:00', 'Jam Ke-7', 'PAI', NULL, '2025-11-30 09:05:41', '2025-11-30 09:05:41'),
(66, 6, 12, 3, NULL, 'Selasa', 8, '13:00:00', '13:40:00', 'Jam Ke-8', 'Indonesia', NULL, '2025-11-30 09:05:41', '2025-11-30 09:05:41'),
(67, 6, 1, 3, NULL, 'Selasa', 9, '13:40:00', '14:20:00', 'Jam Ke-9', 'Indonesia', NULL, '2025-11-30 09:05:41', '2025-11-30 09:05:41'),
(68, 6, 2, 3, NULL, 'Selasa', 10, '14:20:00', '15:00:00', 'Jam Ke-10', 'Indonesia', NULL, '2025-11-30 09:05:41', '2025-11-30 09:05:41'),
(69, 7, 5, 3, NULL, 'Rabu', 1, '07:15:00', '07:55:00', 'Jam Ke-1', 'PKK', NULL, '2025-11-30 09:05:41', '2025-11-30 09:05:41'),
(70, 7, 6, 3, NULL, 'Rabu', 2, '07:55:00', '08:35:00', 'Jam Ke-2', 'PKK', NULL, '2025-11-30 09:05:41', '2025-11-30 09:05:41'),
(71, 7, 7, 3, NULL, 'Rabu', 3, '08:35:00', '09:15:00', 'Jam Ke-3', 'PKK', NULL, '2025-11-30 09:05:41', '2025-11-30 09:05:41'),
(72, 7, 8, 3, NULL, 'Rabu', 4, '09:30:00', '10:10:00', 'Jam Ke-4', 'PKK', NULL, '2025-11-30 09:05:41', '2025-11-30 09:05:41'),
(73, 7, 9, 3, NULL, 'Rabu', 5, '10:10:00', '10:50:00', 'Jam Ke-5', 'PKK', NULL, '2025-11-30 09:05:41', '2025-11-30 09:05:41'),
(74, 8, 10, 3, NULL, 'Rabu', 6, '10:50:00', '11:30:00', 'Jam Ke-6', 'PPB', NULL, '2025-11-30 09:05:41', '2025-11-30 09:05:41'),
(75, 8, 11, 3, NULL, 'Rabu', 7, '11:30:00', '12:10:00', 'Jam Ke-7', 'PPB', NULL, '2025-11-30 09:05:41', '2025-11-30 09:05:41'),
(76, 8, 12, 3, NULL, 'Rabu', 8, '13:00:00', '13:40:00', 'Jam Ke-8', 'PPB', NULL, '2025-11-30 09:05:41', '2025-11-30 09:05:41'),
(77, 8, 1, 3, NULL, 'Rabu', 9, '13:40:00', '14:20:00', 'Jam Ke-9', 'PPB', NULL, '2025-11-30 09:05:41', '2025-11-30 09:05:41'),
(78, 8, 2, 3, NULL, 'Rabu', 10, '14:20:00', '15:00:00', 'Jam Ke-10', 'PPB', NULL, '2025-11-30 09:05:41', '2025-11-30 09:05:41'),
(79, 1, 5, 3, NULL, 'Kamis', 1, '07:15:00', '07:55:00', 'Jam Ke-1', 'PST', NULL, '2025-11-30 09:05:41', '2025-11-30 09:05:41'),
(80, 1, 6, 3, NULL, 'Kamis', 2, '07:55:00', '08:35:00', 'Jam Ke-2', 'PST', NULL, '2025-11-30 09:05:41', '2025-11-30 09:05:41'),
(81, 2, 7, 3, NULL, 'Kamis', 3, '08:35:00', '09:15:00', 'Jam Ke-3', 'Inggris', NULL, '2025-11-30 09:05:41', '2025-11-30 09:05:41'),
(82, 2, 8, 3, NULL, 'Kamis', 4, '09:30:00', '10:10:00', 'Jam Ke-4', 'Inggris', NULL, '2025-11-30 09:05:41', '2025-11-30 09:05:41'),
(83, 9, 9, 3, NULL, 'Kamis', 5, '10:10:00', '10:50:00', 'Jam Ke-5', 'PPS', NULL, '2025-11-30 09:05:41', '2025-11-30 09:05:41'),
(84, 9, 10, 3, NULL, 'Kamis', 6, '10:50:00', '11:30:00', 'Jam Ke-6', 'PPS', NULL, '2025-11-30 09:05:41', '2025-11-30 09:05:41'),
(85, 5, 11, 3, NULL, 'Kamis', 7, '11:30:00', '12:10:00', 'Jam Ke-7', 'PAI', NULL, '2025-11-30 09:05:41', '2025-11-30 09:05:41'),
(86, 5, 12, 3, NULL, 'Kamis', 8, '13:00:00', '13:40:00', 'Jam Ke-8', 'PAI', NULL, '2025-11-30 09:05:41', '2025-11-30 09:05:41'),
(87, 10, 1, 3, NULL, 'Kamis', 9, '13:40:00', '14:20:00', 'Jam Ke-9', 'PFS', NULL, '2025-11-30 09:05:41', '2025-11-30 09:05:41'),
(88, 10, 2, 3, NULL, 'Kamis', 10, '14:20:00', '15:00:00', 'Jam Ke-10', 'PFS', NULL, '2025-11-30 09:05:41', '2025-11-30 09:05:41'),
(89, 11, 5, 3, NULL, 'Jumat', 1, '07:15:00', '07:55:00', 'Jam Ke-1', 'BSD', NULL, '2025-11-30 09:05:41', '2025-11-30 09:05:41'),
(90, 11, 6, 3, NULL, 'Jumat', 2, '07:55:00', '08:35:00', 'Jam Ke-2', 'BSD', NULL, '2025-11-30 09:05:41', '2025-11-30 09:05:41'),
(91, 11, 7, 3, NULL, 'Jumat', 3, '08:35:00', '09:15:00', 'Jam Ke-3', 'BSD', NULL, '2025-11-30 09:05:41', '2025-11-30 09:05:41'),
(92, 11, 8, 3, NULL, 'Jumat', 4, '09:30:00', '10:10:00', 'Jam Ke-4', 'BSD', NULL, '2025-11-30 09:05:41', '2025-11-30 09:05:41'),
(93, 11, 9, 3, NULL, 'Jumat', 5, '10:10:00', '10:50:00', 'Jam Ke-5', 'BSD', NULL, '2025-11-30 09:05:41', '2025-11-30 09:05:41'),
(94, 12, 10, 3, NULL, 'Jumat', 6, '10:50:00', '11:30:00', 'Jam Ke-6', 'MTK', NULL, '2025-11-30 09:05:41', '2025-11-30 09:05:41'),
(95, 12, 11, 3, NULL, 'Jumat', 7, '13:00:00', '13:40:00', 'Jam Ke-7', 'MTK', NULL, '2025-11-30 09:05:41', '2025-11-30 09:05:41'),
(96, 12, 12, 3, NULL, 'Jumat', 8, '13:40:00', '14:20:00', 'Jam Ke-8', 'MTK', NULL, '2025-11-30 09:05:41', '2025-11-30 09:05:41'),
(113, 11, 6, 4, NULL, 'Jumat', 1, '07:15:00', '07:55:00', 'Jam Ke-1', 'BSD', NULL, '2025-11-30 09:05:41', '2025-11-30 09:05:41'),
(114, 11, 7, 4, NULL, 'Jumat', 2, '07:55:00', '08:35:00', 'Jam Ke-2', 'BSD', NULL, '2025-11-30 09:05:41', '2025-11-30 09:05:41'),
(115, 11, 8, 4, NULL, 'Jumat', 3, '08:35:00', '09:15:00', 'Jam Ke-3', 'BSD', NULL, '2025-11-30 09:05:41', '2025-11-30 09:05:41'),
(116, 11, 9, 4, NULL, 'Jumat', 4, '09:30:00', '10:10:00', 'Jam Ke-4', 'BSD', NULL, '2025-11-30 09:05:41', '2025-11-30 09:05:41'),
(117, 11, 10, 4, NULL, 'Jumat', 5, '10:10:00', '10:50:00', 'Jam Ke-5', 'BSD', NULL, '2025-11-30 09:05:41', '2025-11-30 09:05:41'),
(118, 12, 11, 4, NULL, 'Jumat', 6, '10:50:00', '11:30:00', 'Jam Ke-6', 'MTK', NULL, '2025-11-30 09:05:41', '2025-11-30 09:05:41'),
(119, 12, 12, 4, NULL, 'Jumat', 7, '13:00:00', '13:40:00', 'Jam Ke-7', 'MTK', NULL, '2025-11-30 09:05:41', '2025-11-30 09:05:41'),
(120, 12, 1, 4, NULL, 'Jumat', 8, '13:40:00', '14:20:00', 'Jam Ke-8', 'MTK', NULL, '2025-11-30 09:05:41', '2025-11-30 09:05:41'),
(121, 1, 6, 4, NULL, 'Kamis', 1, '07:15:00', '07:55:00', 'Jam Ke-1', 'PST', NULL, '2025-11-30 09:05:41', '2025-11-30 09:05:41'),
(122, 1, 7, 4, NULL, 'Kamis', 2, '07:55:00', '08:35:00', 'Jam Ke-2', 'PST', NULL, '2025-11-30 09:05:41', '2025-11-30 09:05:41'),
(123, 2, 8, 4, NULL, 'Kamis', 3, '08:35:00', '09:15:00', 'Jam Ke-3', 'Inggris', NULL, '2025-11-30 09:05:41', '2025-11-30 09:05:41'),
(124, 2, 9, 4, NULL, 'Kamis', 4, '09:30:00', '10:10:00', 'Jam Ke-4', 'Inggris', NULL, '2025-11-30 09:05:41', '2025-11-30 09:05:41'),
(125, 9, 10, 4, NULL, 'Kamis', 5, '10:10:00', '10:50:00', 'Jam Ke-5', 'PPS', NULL, '2025-11-30 09:05:41', '2025-11-30 09:05:41'),
(126, 9, 11, 4, NULL, 'Kamis', 6, '10:50:00', '11:30:00', 'Jam Ke-6', 'PPS', NULL, '2025-11-30 09:05:41', '2025-11-30 09:05:41'),
(127, 5, 12, 4, NULL, 'Kamis', 7, '11:30:00', '12:10:00', 'Jam Ke-7', 'PAI', NULL, '2025-11-30 09:05:41', '2025-11-30 09:05:41'),
(128, 5, 1, 4, NULL, 'Kamis', 8, '13:00:00', '13:40:00', 'Jam Ke-8', 'PAI', NULL, '2025-11-30 09:05:41', '2025-11-30 09:05:41'),
(129, 10, 2, 4, NULL, 'Kamis', 9, '13:40:00', '14:20:00', 'Jam Ke-9', 'PFS', NULL, '2025-11-30 09:05:41', '2025-11-30 09:05:41'),
(130, 10, 3, 4, NULL, 'Kamis', 10, '14:20:00', '15:00:00', 'Jam Ke-10', 'PFS', NULL, '2025-11-30 09:05:41', '2025-11-30 09:05:41'),
(131, 7, 6, 4, NULL, 'Rabu', 1, '07:15:00', '07:55:00', 'Jam Ke-1', 'PKK', NULL, '2025-11-30 09:05:41', '2025-11-30 09:05:41'),
(132, 7, 7, 4, NULL, 'Rabu', 2, '07:55:00', '08:35:00', 'Jam Ke-2', 'PKK', NULL, '2025-11-30 09:05:41', '2025-11-30 09:05:41'),
(133, 7, 8, 4, NULL, 'Rabu', 3, '08:35:00', '09:15:00', 'Jam Ke-3', 'PKK', NULL, '2025-11-30 09:05:41', '2025-11-30 09:05:41'),
(134, 7, 9, 4, NULL, 'Rabu', 4, '09:30:00', '10:10:00', 'Jam Ke-4', 'PKK', NULL, '2025-11-30 09:05:41', '2025-11-30 09:05:41'),
(135, 7, 10, 4, NULL, 'Rabu', 5, '10:10:00', '10:50:00', 'Jam Ke-5', 'PKK', NULL, '2025-11-30 09:05:41', '2025-11-30 09:05:41'),
(136, 8, 11, 4, NULL, 'Rabu', 6, '10:50:00', '11:30:00', 'Jam Ke-6', 'PPB', NULL, '2025-11-30 09:05:41', '2025-11-30 09:05:41'),
(137, 8, 12, 4, NULL, 'Rabu', 7, '11:30:00', '12:10:00', 'Jam Ke-7', 'PPB', NULL, '2025-11-30 09:05:41', '2025-11-30 09:05:41'),
(138, 8, 1, 4, NULL, 'Rabu', 8, '13:00:00', '13:40:00', 'Jam Ke-8', 'PPB', NULL, '2025-11-30 09:05:41', '2025-11-30 09:05:41'),
(139, 8, 2, 4, NULL, 'Rabu', 9, '13:40:00', '14:20:00', 'Jam Ke-9', 'PPB', NULL, '2025-11-30 09:05:41', '2025-11-30 09:05:41'),
(140, 8, 3, 4, NULL, 'Rabu', 10, '14:20:00', '15:00:00', 'Jam Ke-10', 'PPB', NULL, '2025-11-30 09:05:41', '2025-11-30 09:05:41'),
(141, 4, 6, 4, NULL, 'Selasa', 1, '07:15:00', '07:55:00', 'Jam Ke-1', 'PBT', NULL, '2025-11-30 09:05:41', '2025-11-30 09:05:41'),
(142, 4, 7, 4, NULL, 'Selasa', 2, '07:55:00', '08:35:00', 'Jam Ke-2', 'PBT', NULL, '2025-11-30 09:05:41', '2025-11-30 09:05:41'),
(143, 4, 8, 4, NULL, 'Selasa', 3, '08:35:00', '09:15:00', 'Jam Ke-3', 'PBT', NULL, '2025-11-30 09:05:41', '2025-11-30 09:05:41'),
(144, 4, 9, 4, NULL, 'Selasa', 4, '09:30:00', '10:10:00', 'Jam Ke-4', 'PBT', NULL, '2025-11-30 09:05:41', '2025-11-30 09:05:41'),
(145, 4, 10, 4, NULL, 'Selasa', 5, '10:10:00', '10:50:00', 'Jam Ke-5', 'PBT', NULL, '2025-11-30 09:05:41', '2025-11-30 09:05:41'),
(146, 4, 11, 4, NULL, 'Selasa', 6, '10:50:00', '11:30:00', 'Jam Ke-6', 'PBT', NULL, '2025-11-30 09:05:41', '2025-11-30 09:05:41'),
(147, 5, 12, 4, NULL, 'Selasa', 7, '11:30:00', '12:10:00', 'Jam Ke-7', 'PAI', NULL, '2025-11-30 09:05:41', '2025-11-30 09:05:41'),
(148, 6, 1, 4, NULL, 'Selasa', 8, '13:00:00', '13:40:00', 'Jam Ke-8', 'Indonesia', NULL, '2025-11-30 09:05:41', '2025-11-30 09:05:41'),
(149, 6, 2, 4, NULL, 'Selasa', 9, '13:40:00', '14:20:00', 'Jam Ke-9', 'Indonesia', NULL, '2025-11-30 09:05:41', '2025-11-30 09:05:41'),
(150, 6, 3, 4, NULL, 'Selasa', 10, '14:20:00', '15:00:00', 'Jam Ke-10', 'Indonesia', NULL, '2025-11-30 09:05:41', '2025-11-30 09:05:41'),
(151, 1, 6, 4, NULL, 'Senin', 1, '07:15:00', '07:55:00', 'Jam Ke-1', 'PST', NULL, '2025-11-30 09:05:41', '2025-11-30 09:05:41'),
(152, 1, 7, 4, NULL, 'Senin', 2, '07:55:00', '08:35:00', 'Jam Ke-2', 'PST', NULL, '2025-11-30 09:05:41', '2025-11-30 09:05:41'),
(153, 2, 8, 4, NULL, 'Senin', 3, '08:35:00', '09:15:00', 'Jam Ke-3', 'Inggris', NULL, '2025-11-30 09:05:41', '2025-11-30 09:05:41'),
(154, 2, 9, 4, NULL, 'Senin', 4, '09:30:00', '10:10:00', 'Jam Ke-4', 'Inggris', NULL, '2025-11-30 09:05:41', '2025-11-30 09:05:41'),
(155, 3, 10, 4, NULL, 'Senin', 5, '10:10:00', '10:50:00', 'Jam Ke-5', 'PWB', NULL, '2025-11-30 09:05:41', '2025-11-30 09:05:41'),
(156, 3, 11, 4, NULL, 'Senin', 6, '10:50:00', '11:30:00', 'Jam Ke-6', 'PWB', NULL, '2025-11-30 09:05:41', '2025-11-30 09:05:41'),
(157, 3, 12, 4, NULL, 'Senin', 7, '11:30:00', '12:10:00', 'Jam Ke-7', 'PWB', NULL, '2025-11-30 09:05:41', '2025-11-30 09:05:41'),
(158, 3, 1, 4, NULL, 'Senin', 8, '13:00:00', '13:40:00', 'Jam Ke-8', 'PWB', NULL, '2025-11-30 09:05:41', '2025-11-30 09:05:41'),
(159, 3, 2, 4, NULL, 'Senin', 9, '13:40:00', '14:20:00', 'Jam Ke-9', 'PWB', NULL, '2025-11-30 09:05:41', '2025-11-30 09:05:41'),
(160, 3, 3, 4, NULL, 'Senin', 10, '14:20:00', '15:00:00', 'Jam Ke-10', 'PWB', NULL, '2025-11-30 09:05:41', '2025-11-30 09:05:41'),
(176, 11, 7, 5, NULL, 'Jumat', 1, '07:15:00', '07:55:00', 'Jam Ke-1', 'BSD', NULL, '2025-11-30 09:05:41', '2025-11-30 09:05:41'),
(177, 11, 8, 5, NULL, 'Jumat', 2, '07:55:00', '08:35:00', 'Jam Ke-2', 'BSD', NULL, '2025-11-30 09:05:41', '2025-11-30 09:05:41'),
(178, 11, 9, 5, NULL, 'Jumat', 3, '08:35:00', '09:15:00', 'Jam Ke-3', 'BSD', NULL, '2025-11-30 09:05:41', '2025-11-30 09:05:41'),
(179, 11, 10, 5, NULL, 'Jumat', 4, '09:30:00', '10:10:00', 'Jam Ke-4', 'BSD', NULL, '2025-11-30 09:05:41', '2025-11-30 09:05:41'),
(180, 11, 11, 5, NULL, 'Jumat', 5, '10:10:00', '10:50:00', 'Jam Ke-5', 'BSD', NULL, '2025-11-30 09:05:41', '2025-11-30 09:05:41'),
(181, 12, 12, 5, NULL, 'Jumat', 6, '10:50:00', '11:30:00', 'Jam Ke-6', 'MTK', NULL, '2025-11-30 09:05:41', '2025-11-30 09:05:41'),
(182, 12, 1, 5, NULL, 'Jumat', 7, '13:00:00', '13:40:00', 'Jam Ke-7', 'MTK', NULL, '2025-11-30 09:05:41', '2025-11-30 09:05:41'),
(183, 12, 2, 5, NULL, 'Jumat', 8, '13:40:00', '14:20:00', 'Jam Ke-8', 'MTK', NULL, '2025-11-30 09:05:41', '2025-11-30 09:05:41'),
(184, 1, 7, 5, NULL, 'Kamis', 1, '07:15:00', '07:55:00', 'Jam Ke-1', 'PST', NULL, '2025-11-30 09:05:41', '2025-11-30 09:05:41'),
(185, 1, 8, 5, NULL, 'Kamis', 2, '07:55:00', '08:35:00', 'Jam Ke-2', 'PST', NULL, '2025-11-30 09:05:41', '2025-11-30 09:05:41'),
(186, 2, 9, 5, NULL, 'Kamis', 3, '08:35:00', '09:15:00', 'Jam Ke-3', 'Inggris', NULL, '2025-11-30 09:05:41', '2025-11-30 09:05:41'),
(187, 2, 10, 5, NULL, 'Kamis', 4, '09:30:00', '10:10:00', 'Jam Ke-4', 'Inggris', NULL, '2025-11-30 09:05:41', '2025-11-30 09:05:41'),
(188, 9, 11, 5, NULL, 'Kamis', 5, '10:10:00', '10:50:00', 'Jam Ke-5', 'PPS', NULL, '2025-11-30 09:05:41', '2025-11-30 09:05:41'),
(189, 9, 12, 5, NULL, 'Kamis', 6, '10:50:00', '11:30:00', 'Jam Ke-6', 'PPS', NULL, '2025-11-30 09:05:41', '2025-11-30 09:05:41'),
(190, 5, 1, 5, NULL, 'Kamis', 7, '11:30:00', '12:10:00', 'Jam Ke-7', 'PAI', NULL, '2025-11-30 09:05:41', '2025-11-30 09:05:41'),
(191, 5, 2, 5, NULL, 'Kamis', 8, '13:00:00', '13:40:00', 'Jam Ke-8', 'PAI', NULL, '2025-11-30 09:05:41', '2025-11-30 09:05:41'),
(192, 10, 3, 5, NULL, 'Kamis', 9, '13:40:00', '14:20:00', 'Jam Ke-9', 'PFS', NULL, '2025-11-30 09:05:41', '2025-11-30 09:05:41'),
(193, 10, 4, 5, NULL, 'Kamis', 10, '14:20:00', '15:00:00', 'Jam Ke-10', 'PFS', NULL, '2025-11-30 09:05:41', '2025-11-30 09:05:41'),
(194, 7, 7, 5, NULL, 'Rabu', 1, '07:15:00', '07:55:00', 'Jam Ke-1', 'PKK', NULL, '2025-11-30 09:05:41', '2025-11-30 09:05:41'),
(195, 7, 8, 5, NULL, 'Rabu', 2, '07:55:00', '08:35:00', 'Jam Ke-2', 'PKK', NULL, '2025-11-30 09:05:41', '2025-11-30 09:05:41'),
(196, 7, 9, 5, NULL, 'Rabu', 3, '08:35:00', '09:15:00', 'Jam Ke-3', 'PKK', NULL, '2025-11-30 09:05:41', '2025-11-30 09:05:41'),
(197, 7, 10, 5, NULL, 'Rabu', 4, '09:30:00', '10:10:00', 'Jam Ke-4', 'PKK', NULL, '2025-11-30 09:05:41', '2025-11-30 09:05:41'),
(198, 7, 11, 5, NULL, 'Rabu', 5, '10:10:00', '10:50:00', 'Jam Ke-5', 'PKK', NULL, '2025-11-30 09:05:41', '2025-11-30 09:05:41'),
(199, 8, 12, 5, NULL, 'Rabu', 6, '10:50:00', '11:30:00', 'Jam Ke-6', 'PPB', NULL, '2025-11-30 09:05:41', '2025-11-30 09:05:41'),
(200, 8, 1, 5, NULL, 'Rabu', 7, '11:30:00', '12:10:00', 'Jam Ke-7', 'PPB', NULL, '2025-11-30 09:05:41', '2025-11-30 09:05:41'),
(201, 8, 2, 5, NULL, 'Rabu', 8, '13:00:00', '13:40:00', 'Jam Ke-8', 'PPB', NULL, '2025-11-30 09:05:41', '2025-11-30 09:05:41'),
(202, 8, 3, 5, NULL, 'Rabu', 9, '13:40:00', '14:20:00', 'Jam Ke-9', 'PPB', NULL, '2025-11-30 09:05:41', '2025-11-30 09:05:41'),
(203, 8, 4, 5, NULL, 'Rabu', 10, '14:20:00', '15:00:00', 'Jam Ke-10', 'PPB', NULL, '2025-11-30 09:05:41', '2025-11-30 09:05:41'),
(204, 4, 7, 5, NULL, 'Selasa', 1, '07:15:00', '07:55:00', 'Jam Ke-1', 'PBT', NULL, '2025-11-30 09:05:41', '2025-11-30 09:05:41'),
(205, 4, 8, 5, NULL, 'Selasa', 2, '07:55:00', '08:35:00', 'Jam Ke-2', 'PBT', NULL, '2025-11-30 09:05:41', '2025-11-30 09:05:41'),
(206, 4, 9, 5, NULL, 'Selasa', 3, '08:35:00', '09:15:00', 'Jam Ke-3', 'PBT', NULL, '2025-11-30 09:05:41', '2025-11-30 09:05:41'),
(207, 4, 10, 5, NULL, 'Selasa', 4, '09:30:00', '10:10:00', 'Jam Ke-4', 'PBT', NULL, '2025-11-30 09:05:41', '2025-11-30 09:05:41'),
(208, 4, 11, 5, NULL, 'Selasa', 5, '10:10:00', '10:50:00', 'Jam Ke-5', 'PBT', NULL, '2025-11-30 09:05:41', '2025-11-30 09:05:41'),
(209, 4, 12, 5, NULL, 'Selasa', 6, '10:50:00', '11:30:00', 'Jam Ke-6', 'PBT', NULL, '2025-11-30 09:05:41', '2025-11-30 09:05:41'),
(210, 5, 1, 5, NULL, 'Selasa', 7, '11:30:00', '12:10:00', 'Jam Ke-7', 'PAI', NULL, '2025-11-30 09:05:41', '2025-11-30 09:05:41'),
(211, 6, 2, 5, NULL, 'Selasa', 8, '13:00:00', '13:40:00', 'Jam Ke-8', 'Indonesia', NULL, '2025-11-30 09:05:41', '2025-11-30 09:05:41'),
(212, 6, 3, 5, NULL, 'Selasa', 9, '13:40:00', '14:20:00', 'Jam Ke-9', 'Indonesia', NULL, '2025-11-30 09:05:41', '2025-11-30 09:05:41'),
(213, 6, 4, 5, NULL, 'Selasa', 10, '14:20:00', '15:00:00', 'Jam Ke-10', 'Indonesia', NULL, '2025-11-30 09:05:41', '2025-11-30 09:05:41'),
(214, 1, 7, 5, NULL, 'Senin', 1, '07:15:00', '07:55:00', 'Jam Ke-1', 'PST', NULL, '2025-11-30 09:05:41', '2025-11-30 09:05:41'),
(215, 1, 8, 5, NULL, 'Senin', 2, '07:55:00', '08:35:00', 'Jam Ke-2', 'PST', NULL, '2025-11-30 09:05:41', '2025-11-30 09:05:41'),
(216, 2, 9, 5, NULL, 'Senin', 3, '08:35:00', '09:15:00', 'Jam Ke-3', 'Inggris', NULL, '2025-11-30 09:05:41', '2025-11-30 09:05:41'),
(217, 2, 10, 5, NULL, 'Senin', 4, '09:30:00', '10:10:00', 'Jam Ke-4', 'Inggris', NULL, '2025-11-30 09:05:41', '2025-11-30 09:05:41'),
(218, 3, 11, 5, NULL, 'Senin', 5, '10:10:00', '10:50:00', 'Jam Ke-5', 'PWB', NULL, '2025-11-30 09:05:41', '2025-11-30 09:05:41'),
(219, 3, 12, 5, NULL, 'Senin', 6, '10:50:00', '11:30:00', 'Jam Ke-6', 'PWB', NULL, '2025-11-30 09:05:41', '2025-11-30 09:05:41'),
(220, 3, 1, 5, NULL, 'Senin', 7, '11:30:00', '12:10:00', 'Jam Ke-7', 'PWB', NULL, '2025-11-30 09:05:41', '2025-11-30 09:05:41'),
(221, 3, 2, 5, NULL, 'Senin', 8, '13:00:00', '13:40:00', 'Jam Ke-8', 'PWB', NULL, '2025-11-30 09:05:41', '2025-11-30 09:05:41'),
(222, 3, 3, 5, NULL, 'Senin', 9, '13:40:00', '14:20:00', 'Jam Ke-9', 'PWB', NULL, '2025-11-30 09:05:41', '2025-11-30 09:05:41'),
(223, 3, 4, 5, NULL, 'Senin', 10, '14:20:00', '15:00:00', 'Jam Ke-10', 'PWB', NULL, '2025-11-30 09:05:41', '2025-11-30 09:05:41'),
(239, 11, 8, 6, NULL, 'Jumat', 1, '07:15:00', '07:55:00', 'Jam Ke-1', 'BSD', NULL, '2025-11-30 09:05:41', '2025-11-30 09:05:41'),
(240, 11, 9, 6, NULL, 'Jumat', 2, '07:55:00', '08:35:00', 'Jam Ke-2', 'BSD', NULL, '2025-11-30 09:05:41', '2025-11-30 09:05:41'),
(241, 11, 10, 6, NULL, 'Jumat', 3, '08:35:00', '09:15:00', 'Jam Ke-3', 'BSD', NULL, '2025-11-30 09:05:41', '2025-11-30 09:05:41'),
(242, 11, 11, 6, NULL, 'Jumat', 4, '09:30:00', '10:10:00', 'Jam Ke-4', 'BSD', NULL, '2025-11-30 09:05:41', '2025-11-30 09:05:41'),
(243, 11, 12, 6, NULL, 'Jumat', 5, '10:10:00', '10:50:00', 'Jam Ke-5', 'BSD', NULL, '2025-11-30 09:05:41', '2025-11-30 09:05:41'),
(244, 12, 1, 6, NULL, 'Jumat', 6, '10:50:00', '11:30:00', 'Jam Ke-6', 'MTK', NULL, '2025-11-30 09:05:41', '2025-11-30 09:05:41'),
(245, 12, 2, 6, NULL, 'Jumat', 7, '13:00:00', '13:40:00', 'Jam Ke-7', 'MTK', NULL, '2025-11-30 09:05:41', '2025-11-30 09:05:41'),
(246, 12, 3, 6, NULL, 'Jumat', 8, '13:40:00', '14:20:00', 'Jam Ke-8', 'MTK', NULL, '2025-11-30 09:05:41', '2025-11-30 09:05:41'),
(247, 1, 8, 6, NULL, 'Kamis', 1, '07:15:00', '07:55:00', 'Jam Ke-1', 'PST', NULL, '2025-11-30 09:05:41', '2025-11-30 09:05:41'),
(248, 1, 9, 6, NULL, 'Kamis', 2, '07:55:00', '08:35:00', 'Jam Ke-2', 'PST', NULL, '2025-11-30 09:05:41', '2025-11-30 09:05:41'),
(249, 2, 10, 6, NULL, 'Kamis', 3, '08:35:00', '09:15:00', 'Jam Ke-3', 'Inggris', NULL, '2025-11-30 09:05:41', '2025-11-30 09:05:41'),
(250, 2, 11, 6, NULL, 'Kamis', 4, '09:30:00', '10:10:00', 'Jam Ke-4', 'Inggris', NULL, '2025-11-30 09:05:41', '2025-11-30 09:05:41'),
(251, 9, 12, 6, NULL, 'Kamis', 5, '10:10:00', '10:50:00', 'Jam Ke-5', 'PPS', NULL, '2025-11-30 09:05:41', '2025-11-30 09:05:41'),
(252, 9, 1, 6, NULL, 'Kamis', 6, '10:50:00', '11:30:00', 'Jam Ke-6', 'PPS', NULL, '2025-11-30 09:05:41', '2025-11-30 09:05:41'),
(253, 5, 2, 6, NULL, 'Kamis', 7, '11:30:00', '12:10:00', 'Jam Ke-7', 'PAI', NULL, '2025-11-30 09:05:41', '2025-11-30 09:05:41'),
(254, 5, 3, 6, NULL, 'Kamis', 8, '13:00:00', '13:40:00', 'Jam Ke-8', 'PAI', NULL, '2025-11-30 09:05:41', '2025-11-30 09:05:41'),
(255, 10, 4, 6, NULL, 'Kamis', 9, '13:40:00', '14:20:00', 'Jam Ke-9', 'PFS', NULL, '2025-11-30 09:05:41', '2025-11-30 09:05:41'),
(256, 10, 5, 6, NULL, 'Kamis', 10, '14:20:00', '15:00:00', 'Jam Ke-10', 'PFS', NULL, '2025-11-30 09:05:41', '2025-11-30 09:05:41'),
(257, 7, 8, 6, NULL, 'Rabu', 1, '07:15:00', '07:55:00', 'Jam Ke-1', 'PKK', NULL, '2025-11-30 09:05:41', '2025-11-30 09:05:41'),
(258, 7, 9, 6, NULL, 'Rabu', 2, '07:55:00', '08:35:00', 'Jam Ke-2', 'PKK', NULL, '2025-11-30 09:05:41', '2025-11-30 09:05:41'),
(259, 7, 10, 6, NULL, 'Rabu', 3, '08:35:00', '09:15:00', 'Jam Ke-3', 'PKK', NULL, '2025-11-30 09:05:41', '2025-11-30 09:05:41'),
(260, 7, 11, 6, NULL, 'Rabu', 4, '09:30:00', '10:10:00', 'Jam Ke-4', 'PKK', NULL, '2025-11-30 09:05:41', '2025-11-30 09:05:41'),
(261, 7, 12, 6, NULL, 'Rabu', 5, '10:10:00', '10:50:00', 'Jam Ke-5', 'PKK', NULL, '2025-11-30 09:05:41', '2025-11-30 09:05:41'),
(262, 8, 1, 6, NULL, 'Rabu', 6, '10:50:00', '11:30:00', 'Jam Ke-6', 'PPB', NULL, '2025-11-30 09:05:41', '2025-11-30 09:05:41'),
(263, 8, 2, 6, NULL, 'Rabu', 7, '11:30:00', '12:10:00', 'Jam Ke-7', 'PPB', NULL, '2025-11-30 09:05:41', '2025-11-30 09:05:41'),
(264, 8, 3, 6, NULL, 'Rabu', 8, '13:00:00', '13:40:00', 'Jam Ke-8', 'PPB', NULL, '2025-11-30 09:05:41', '2025-11-30 09:05:41'),
(265, 8, 4, 6, NULL, 'Rabu', 9, '13:40:00', '14:20:00', 'Jam Ke-9', 'PPB', NULL, '2025-11-30 09:05:41', '2025-11-30 09:05:41'),
(266, 8, 5, 6, NULL, 'Rabu', 10, '14:20:00', '15:00:00', 'Jam Ke-10', 'PPB', NULL, '2025-11-30 09:05:41', '2025-11-30 09:05:41'),
(267, 4, 8, 6, NULL, 'Selasa', 1, '07:15:00', '07:55:00', 'Jam Ke-1', 'PBT', NULL, '2025-11-30 09:05:41', '2025-11-30 09:05:41'),
(268, 4, 9, 6, NULL, 'Selasa', 2, '07:55:00', '08:35:00', 'Jam Ke-2', 'PBT', NULL, '2025-11-30 09:05:41', '2025-11-30 09:05:41'),
(269, 4, 10, 6, NULL, 'Selasa', 3, '08:35:00', '09:15:00', 'Jam Ke-3', 'PBT', NULL, '2025-11-30 09:05:41', '2025-11-30 09:05:41'),
(270, 4, 11, 6, NULL, 'Selasa', 4, '09:30:00', '10:10:00', 'Jam Ke-4', 'PBT', NULL, '2025-11-30 09:05:41', '2025-11-30 09:05:41'),
(271, 4, 12, 6, NULL, 'Selasa', 5, '10:10:00', '10:50:00', 'Jam Ke-5', 'PBT', NULL, '2025-11-30 09:05:41', '2025-11-30 09:05:41'),
(272, 4, 1, 6, NULL, 'Selasa', 6, '10:50:00', '11:30:00', 'Jam Ke-6', 'PBT', NULL, '2025-11-30 09:05:41', '2025-11-30 09:05:41'),
(273, 5, 2, 6, NULL, 'Selasa', 7, '11:30:00', '12:10:00', 'Jam Ke-7', 'PAI', NULL, '2025-11-30 09:05:41', '2025-11-30 09:05:41'),
(274, 6, 3, 6, NULL, 'Selasa', 8, '13:00:00', '13:40:00', 'Jam Ke-8', 'Indonesia', NULL, '2025-11-30 09:05:41', '2025-11-30 09:05:41'),
(275, 6, 4, 6, NULL, 'Selasa', 9, '13:40:00', '14:20:00', 'Jam Ke-9', 'Indonesia', NULL, '2025-11-30 09:05:41', '2025-11-30 09:05:41'),
(276, 6, 5, 6, NULL, 'Selasa', 10, '14:20:00', '15:00:00', 'Jam Ke-10', 'Indonesia', NULL, '2025-11-30 09:05:41', '2025-11-30 09:05:41'),
(277, 1, 8, 6, NULL, 'Senin', 1, '07:15:00', '07:55:00', 'Jam Ke-1', 'PST', NULL, '2025-11-30 09:05:41', '2025-11-30 09:05:41'),
(278, 1, 9, 6, NULL, 'Senin', 2, '07:55:00', '08:35:00', 'Jam Ke-2', 'PST', NULL, '2025-11-30 09:05:41', '2025-11-30 09:05:41'),
(279, 2, 10, 6, NULL, 'Senin', 3, '08:35:00', '09:15:00', 'Jam Ke-3', 'Inggris', NULL, '2025-11-30 09:05:41', '2025-11-30 09:05:41'),
(280, 2, 11, 6, NULL, 'Senin', 4, '09:30:00', '10:10:00', 'Jam Ke-4', 'Inggris', NULL, '2025-11-30 09:05:41', '2025-11-30 09:05:41'),
(281, 3, 12, 6, NULL, 'Senin', 5, '10:10:00', '10:50:00', 'Jam Ke-5', 'PWB', NULL, '2025-11-30 09:05:41', '2025-11-30 09:05:41'),
(282, 3, 1, 6, NULL, 'Senin', 6, '10:50:00', '11:30:00', 'Jam Ke-6', 'PWB', NULL, '2025-11-30 09:05:41', '2025-11-30 09:05:41'),
(283, 3, 2, 6, NULL, 'Senin', 7, '11:30:00', '12:10:00', 'Jam Ke-7', 'PWB', NULL, '2025-11-30 09:05:41', '2025-11-30 09:05:41'),
(284, 3, 3, 6, NULL, 'Senin', 8, '13:00:00', '13:40:00', 'Jam Ke-8', 'PWB', NULL, '2025-11-30 09:05:41', '2025-11-30 09:05:41'),
(285, 3, 4, 6, NULL, 'Senin', 9, '13:40:00', '14:20:00', 'Jam Ke-9', 'PWB', NULL, '2025-11-30 09:05:41', '2025-11-30 09:05:41'),
(286, 3, 5, 6, NULL, 'Senin', 10, '14:20:00', '15:00:00', 'Jam Ke-10', 'PWB', NULL, '2025-11-30 09:05:41', '2025-11-30 09:05:41'),
(302, 11, 9, 7, NULL, 'Jumat', 1, '07:15:00', '07:55:00', 'Jam Ke-1', 'BSD', NULL, '2025-11-30 09:05:41', '2025-11-30 09:05:41'),
(303, 11, 10, 7, NULL, 'Jumat', 2, '07:55:00', '08:35:00', 'Jam Ke-2', 'BSD', NULL, '2025-11-30 09:05:41', '2025-11-30 09:05:41'),
(304, 11, 11, 7, NULL, 'Jumat', 3, '08:35:00', '09:15:00', 'Jam Ke-3', 'BSD', NULL, '2025-11-30 09:05:41', '2025-11-30 09:05:41'),
(305, 11, 12, 7, NULL, 'Jumat', 4, '09:30:00', '10:10:00', 'Jam Ke-4', 'BSD', NULL, '2025-11-30 09:05:41', '2025-11-30 09:05:41'),
(306, 11, 1, 7, NULL, 'Jumat', 5, '10:10:00', '10:50:00', 'Jam Ke-5', 'BSD', NULL, '2025-11-30 09:05:41', '2025-11-30 09:05:41'),
(307, 12, 2, 7, NULL, 'Jumat', 6, '10:50:00', '11:30:00', 'Jam Ke-6', 'MTK', NULL, '2025-11-30 09:05:41', '2025-11-30 09:05:41'),
(308, 12, 3, 7, NULL, 'Jumat', 7, '13:00:00', '13:40:00', 'Jam Ke-7', 'MTK', NULL, '2025-11-30 09:05:41', '2025-11-30 09:05:41'),
(309, 12, 4, 7, NULL, 'Jumat', 8, '13:40:00', '14:20:00', 'Jam Ke-8', 'MTK', NULL, '2025-11-30 09:05:41', '2025-11-30 09:05:41'),
(310, 1, 9, 7, NULL, 'Kamis', 1, '07:15:00', '07:55:00', 'Jam Ke-1', 'PST', NULL, '2025-11-30 09:05:41', '2025-11-30 09:05:41'),
(311, 1, 10, 7, NULL, 'Kamis', 2, '07:55:00', '08:35:00', 'Jam Ke-2', 'PST', NULL, '2025-11-30 09:05:41', '2025-11-30 09:05:41'),
(312, 2, 11, 7, NULL, 'Kamis', 3, '08:35:00', '09:15:00', 'Jam Ke-3', 'Inggris', NULL, '2025-11-30 09:05:41', '2025-11-30 09:05:41'),
(313, 2, 12, 7, NULL, 'Kamis', 4, '09:30:00', '10:10:00', 'Jam Ke-4', 'Inggris', NULL, '2025-11-30 09:05:41', '2025-11-30 09:05:41'),
(314, 9, 1, 7, NULL, 'Kamis', 5, '10:10:00', '10:50:00', 'Jam Ke-5', 'PPS', NULL, '2025-11-30 09:05:41', '2025-11-30 09:05:41'),
(315, 9, 2, 7, NULL, 'Kamis', 6, '10:50:00', '11:30:00', 'Jam Ke-6', 'PPS', NULL, '2025-11-30 09:05:41', '2025-11-30 09:05:41'),
(316, 5, 3, 7, NULL, 'Kamis', 7, '11:30:00', '12:10:00', 'Jam Ke-7', 'PAI', NULL, '2025-11-30 09:05:41', '2025-11-30 09:05:41'),
(317, 5, 4, 7, NULL, 'Kamis', 8, '13:00:00', '13:40:00', 'Jam Ke-8', 'PAI', NULL, '2025-11-30 09:05:41', '2025-11-30 09:05:41'),
(318, 10, 5, 7, NULL, 'Kamis', 9, '13:40:00', '14:20:00', 'Jam Ke-9', 'PFS', NULL, '2025-11-30 09:05:41', '2025-11-30 09:05:41'),
(319, 10, 6, 7, NULL, 'Kamis', 10, '14:20:00', '15:00:00', 'Jam Ke-10', 'PFS', NULL, '2025-11-30 09:05:41', '2025-11-30 09:05:41'),
(320, 7, 9, 7, NULL, 'Rabu', 1, '07:15:00', '07:55:00', 'Jam Ke-1', 'PKK', NULL, '2025-11-30 09:05:41', '2025-11-30 09:05:41'),
(321, 7, 10, 7, NULL, 'Rabu', 2, '07:55:00', '08:35:00', 'Jam Ke-2', 'PKK', NULL, '2025-11-30 09:05:41', '2025-11-30 09:05:41'),
(322, 7, 11, 7, NULL, 'Rabu', 3, '08:35:00', '09:15:00', 'Jam Ke-3', 'PKK', NULL, '2025-11-30 09:05:41', '2025-11-30 09:05:41'),
(323, 7, 12, 7, NULL, 'Rabu', 4, '09:30:00', '10:10:00', 'Jam Ke-4', 'PKK', NULL, '2025-11-30 09:05:41', '2025-11-30 09:05:41'),
(324, 7, 1, 7, NULL, 'Rabu', 5, '10:10:00', '10:50:00', 'Jam Ke-5', 'PKK', NULL, '2025-11-30 09:05:41', '2025-11-30 09:05:41'),
(325, 8, 2, 7, NULL, 'Rabu', 6, '10:50:00', '11:30:00', 'Jam Ke-6', 'PPB', NULL, '2025-11-30 09:05:41', '2025-11-30 09:05:41'),
(326, 8, 3, 7, NULL, 'Rabu', 7, '11:30:00', '12:10:00', 'Jam Ke-7', 'PPB', NULL, '2025-11-30 09:05:41', '2025-11-30 09:05:41'),
(327, 8, 4, 7, NULL, 'Rabu', 8, '13:00:00', '13:40:00', 'Jam Ke-8', 'PPB', NULL, '2025-11-30 09:05:41', '2025-11-30 09:05:41'),
(328, 8, 5, 7, NULL, 'Rabu', 9, '13:40:00', '14:20:00', 'Jam Ke-9', 'PPB', NULL, '2025-11-30 09:05:41', '2025-11-30 09:05:41'),
(329, 8, 6, 7, NULL, 'Rabu', 10, '14:20:00', '15:00:00', 'Jam Ke-10', 'PPB', NULL, '2025-11-30 09:05:41', '2025-11-30 09:05:41'),
(330, 4, 9, 7, NULL, 'Selasa', 1, '07:15:00', '07:55:00', 'Jam Ke-1', 'PBT', NULL, '2025-11-30 09:05:41', '2025-11-30 09:05:41'),
(331, 4, 10, 7, NULL, 'Selasa', 2, '07:55:00', '08:35:00', 'Jam Ke-2', 'PBT', NULL, '2025-11-30 09:05:41', '2025-11-30 09:05:41'),
(332, 4, 11, 7, NULL, 'Selasa', 3, '08:35:00', '09:15:00', 'Jam Ke-3', 'PBT', NULL, '2025-11-30 09:05:41', '2025-11-30 09:05:41'),
(333, 4, 12, 7, NULL, 'Selasa', 4, '09:30:00', '10:10:00', 'Jam Ke-4', 'PBT', NULL, '2025-11-30 09:05:41', '2025-11-30 09:05:41'),
(334, 4, 1, 7, NULL, 'Selasa', 5, '10:10:00', '10:50:00', 'Jam Ke-5', 'PBT', NULL, '2025-11-30 09:05:41', '2025-11-30 09:05:41'),
(335, 4, 2, 7, NULL, 'Selasa', 6, '10:50:00', '11:30:00', 'Jam Ke-6', 'PBT', NULL, '2025-11-30 09:05:41', '2025-11-30 09:05:41'),
(336, 5, 3, 7, NULL, 'Selasa', 7, '11:30:00', '12:10:00', 'Jam Ke-7', 'PAI', NULL, '2025-11-30 09:05:41', '2025-11-30 09:05:41'),
(337, 6, 4, 7, NULL, 'Selasa', 8, '13:00:00', '13:40:00', 'Jam Ke-8', 'Indonesia', NULL, '2025-11-30 09:05:41', '2025-11-30 09:05:41'),
(338, 6, 5, 7, NULL, 'Selasa', 9, '13:40:00', '14:20:00', 'Jam Ke-9', 'Indonesia', NULL, '2025-11-30 09:05:41', '2025-11-30 09:05:41'),
(339, 6, 6, 7, NULL, 'Selasa', 10, '14:20:00', '15:00:00', 'Jam Ke-10', 'Indonesia', NULL, '2025-11-30 09:05:41', '2025-11-30 09:05:41'),
(340, 1, 9, 7, NULL, 'Senin', 1, '07:15:00', '07:55:00', 'Jam Ke-1', 'PST', NULL, '2025-11-30 09:05:41', '2025-11-30 09:05:41'),
(341, 1, 10, 7, NULL, 'Senin', 2, '07:55:00', '08:35:00', 'Jam Ke-2', 'PST', NULL, '2025-11-30 09:05:41', '2025-11-30 09:05:41'),
(342, 2, 11, 7, NULL, 'Senin', 3, '08:35:00', '09:15:00', 'Jam Ke-3', 'Inggris', NULL, '2025-11-30 09:05:41', '2025-11-30 09:05:41'),
(343, 2, 12, 7, NULL, 'Senin', 4, '09:30:00', '10:10:00', 'Jam Ke-4', 'Inggris', NULL, '2025-11-30 09:05:41', '2025-11-30 09:05:41'),
(344, 3, 1, 7, NULL, 'Senin', 5, '10:10:00', '10:50:00', 'Jam Ke-5', 'PWB', NULL, '2025-11-30 09:05:41', '2025-11-30 09:05:41'),
(345, 3, 2, 7, NULL, 'Senin', 6, '10:50:00', '11:30:00', 'Jam Ke-6', 'PWB', NULL, '2025-11-30 09:05:41', '2025-11-30 09:05:41'),
(346, 3, 3, 7, NULL, 'Senin', 7, '11:30:00', '12:10:00', 'Jam Ke-7', 'PWB', NULL, '2025-11-30 09:05:41', '2025-11-30 09:05:41'),
(347, 3, 4, 7, NULL, 'Senin', 8, '13:00:00', '13:40:00', 'Jam Ke-8', 'PWB', NULL, '2025-11-30 09:05:41', '2025-11-30 09:05:41'),
(348, 3, 5, 7, NULL, 'Senin', 9, '13:40:00', '14:20:00', 'Jam Ke-9', 'PWB', NULL, '2025-11-30 09:05:41', '2025-11-30 09:05:41'),
(349, 3, 6, 7, NULL, 'Senin', 10, '14:20:00', '15:00:00', 'Jam Ke-10', 'PWB', NULL, '2025-11-30 09:05:41', '2025-11-30 09:05:41');

-- --------------------------------------------------------

--
-- Table structure for table `subjects`
--

CREATE TABLE `subjects` (
  `id` bigint UNSIGNED NOT NULL,
  `code` varchar(255) COLLATE utf8mb4_unicode_ci NOT NULL,
  `name` varchar(255) COLLATE utf8mb4_unicode_ci NOT NULL,
  `created_at` timestamp NULL DEFAULT CURRENT_TIMESTAMP,
  `updated_at` timestamp NULL DEFAULT CURRENT_TIMESTAMP ON UPDATE CURRENT_TIMESTAMP
) ENGINE=InnoDB DEFAULT CHARSET=utf8mb4 COLLATE=utf8mb4_unicode_ci;

--
-- Dumping data for table `subjects`
--

INSERT INTO `subjects` (`id`, `code`, `name`, `created_at`, `updated_at`) VALUES
(1, 'PST', 'PST', '2025-10-06 03:51:53', '2025-10-06 03:51:53'),
(2, 'INGGRIS', 'Inggris', '2025-10-06 03:51:53', '2025-10-06 03:51:53'),
(3, 'PWB', 'PWB', '2025-10-06 03:51:53', '2025-10-06 03:51:53'),
(4, 'PBT', 'PBT', '2025-10-06 03:51:53', '2025-10-06 03:51:53'),
(5, 'PAI', 'PAI', '2025-10-06 03:51:53', '2025-10-06 03:51:53'),
(6, 'INDONESIA', 'Indonesia', '2025-10-06 03:51:53', '2025-10-06 03:51:53'),
(7, 'PKK', 'PPK', '2025-10-06 03:51:53', '2025-10-08 00:55:59'),
(8, 'PPB', 'PPB', '2025-10-06 03:51:53', '2025-10-08 03:59:03'),
(9, 'PPS', 'PPS', '2025-10-06 03:51:53', '2025-10-06 03:51:53'),
(10, 'PFS', 'PFS', '2025-10-06 03:51:53', '2025-10-06 03:51:53'),
(11, 'BSD', 'BSD', '2025-10-06 03:51:53', '2025-10-06 03:51:53'),
(12, 'MTK', 'MTK', '2025-10-06 03:51:53', '2025-10-06 03:51:53');

-- --------------------------------------------------------

--
-- Table structure for table `teachers`
--

CREATE TABLE `teachers` (
  `id` bigint UNSIGNED NOT NULL,
  `name` varchar(255) COLLATE utf8mb4_unicode_ci NOT NULL,
  `degree` varchar(255) COLLATE utf8mb4_unicode_ci DEFAULT NULL,
  `photo_filename` varchar(255) COLLATE utf8mb4_unicode_ci DEFAULT NULL,
  `created_at` timestamp NULL DEFAULT CURRENT_TIMESTAMP,
  `updated_at` timestamp NULL DEFAULT CURRENT_TIMESTAMP ON UPDATE CURRENT_TIMESTAMP
) ENGINE=InnoDB DEFAULT CHARSET=utf8mb4 COLLATE=utf8mb4_unicode_ci;

--
-- Dumping data for table `teachers`
--

INSERT INTO `teachers` (`id`, `name`, `degree`, `photo_filename`, `created_at`, `updated_at`) VALUES
(1, 'Nurhanan Afifah', 'S.Pd.', 'nurhanan.png', '2025-10-06 03:51:53', '2025-10-06 03:51:53'),
(2, 'Zian Muzakkiyah Kosman', 'S.Pd, M.Pd.', 'zian.png', '2025-10-06 03:51:53', '2025-10-06 03:51:53'),
(3, 'Ahmad Jumadi', 'S.Kom.', 'Ahmad.png', '2025-10-06 03:51:53', '2025-10-06 03:51:53'),
(4, 'Dhian Nur Rahayu', 'S.T, M.Kom.', 'Dian.png', '2025-10-06 03:51:53', '2025-10-06 03:51:53'),
(5, 'Hani Siti Nuraen', 'S.Pd.', 'Hani.png', '2025-10-06 03:51:53', '2025-10-06 03:51:53'),
(6, 'Drs. Deden Hamdani', 'M.M.', 'Deden.png', '2025-10-06 03:51:53', '2025-10-06 03:51:53'),
(7, 'Gunawan Busyaeri', 'S.Pd.', 'Gunawan.png', '2025-10-06 03:51:53', '2025-10-06 03:51:53'),
(8, 'Yusuf Effendy', 'S.T.', 'Yusuf.png', '2025-10-06 03:51:53', '2025-10-08 10:34:38'),
(9, 'Dewi Lestari Nengsih', 'S.IP.', 'Dewi.png', '2025-10-06 03:51:53', '2025-10-06 03:51:53'),
(10, 'Darwis Prasetyo', 'S.Pd.', 'Darwis.png', '2025-10-06 03:51:53', '2025-10-06 03:51:53'),
(11, 'Indria Listiani Ningrum', 'S.T.', 'Indria.png', '2025-10-06 03:51:53', '2025-10-06 03:51:53'),
(12, 'Acun', 'S.Pd.', 'Acun.png', '2025-10-06 03:51:53', '2025-10-06 03:51:53');

--
-- Indexes for dumped tables
--

--
-- Indexes for table `api_tokens`
--
ALTER TABLE `api_tokens`
  ADD PRIMARY KEY (`id`);

--
-- Indexes for table `labs`
--
ALTER TABLE `labs`
  ADD PRIMARY KEY (`id`),
  ADD UNIQUE KEY `labs_code_unique` (`code`);

--
-- Indexes for table `lab_responsibles`
--
ALTER TABLE `lab_responsibles`
  ADD PRIMARY KEY (`id`),
  ADD KEY `lab_responsibles_teacher_id_foreign` (`teacher_id`),
  ADD KEY `lab_responsibles_lab_id_foreign` (`lab_id`);

--
-- Indexes for table `schedules`
--
ALTER TABLE `schedules`
  ADD PRIMARY KEY (`id`),
  ADD UNIQUE KEY `schedules_unique_slot` (`lab_id`,`day_of_week`,`session_number`),
  ADD KEY `schedules_subject_id_foreign` (`subject_id`),
  ADD KEY `schedules_teacher_id_foreign` (`teacher_id`),
  ADD KEY `schedules_lab_responsible_id_foreign` (`lab_responsible_id`);

--
-- Indexes for table `subjects`
--
ALTER TABLE `subjects`
  ADD PRIMARY KEY (`id`),
  ADD UNIQUE KEY `subjects_code_unique` (`code`);

--
-- Indexes for table `teachers`
--
ALTER TABLE `teachers`
  ADD PRIMARY KEY (`id`);

--
-- AUTO_INCREMENT for dumped tables
--

--
-- AUTO_INCREMENT for table `api_tokens`
--
ALTER TABLE `api_tokens`
  MODIFY `id` int NOT NULL AUTO_INCREMENT, AUTO_INCREMENT=7;

--
-- AUTO_INCREMENT for table `labs`
--
ALTER TABLE `labs`
  MODIFY `id` bigint UNSIGNED NOT NULL AUTO_INCREMENT, AUTO_INCREMENT=8;

--
-- AUTO_INCREMENT for table `lab_responsibles`
--
ALTER TABLE `lab_responsibles`
  MODIFY `id` bigint UNSIGNED NOT NULL AUTO_INCREMENT, AUTO_INCREMENT=3;

--
-- AUTO_INCREMENT for table `schedules`
--
ALTER TABLE `schedules`
  MODIFY `id` bigint UNSIGNED NOT NULL AUTO_INCREMENT, AUTO_INCREMENT=350;

--
-- AUTO_INCREMENT for table `subjects`
--
ALTER TABLE `subjects`
  MODIFY `id` bigint UNSIGNED NOT NULL AUTO_INCREMENT, AUTO_INCREMENT=14;

--
-- Constraints for dumped tables
--

--
-- Constraints for table `lab_responsibles`
--
ALTER TABLE `lab_responsibles`
  ADD CONSTRAINT `lab_responsibles_lab_id_foreign` FOREIGN KEY (`lab_id`) REFERENCES `labs` (`id`) ON DELETE CASCADE ON UPDATE CASCADE,
  ADD CONSTRAINT `lab_responsibles_teacher_id_foreign` FOREIGN KEY (`teacher_id`) REFERENCES `teachers` (`id`) ON DELETE CASCADE ON UPDATE CASCADE;

--
-- Constraints for table `schedules`
--
ALTER TABLE `schedules`
  ADD CONSTRAINT `schedules_lab_id_foreign` FOREIGN KEY (`lab_id`) REFERENCES `labs` (`id`) ON DELETE RESTRICT ON UPDATE CASCADE,
  ADD CONSTRAINT `schedules_lab_responsible_id_foreign` FOREIGN KEY (`lab_responsible_id`) REFERENCES `lab_responsibles` (`id`) ON DELETE SET NULL ON UPDATE CASCADE,
  ADD CONSTRAINT `schedules_subject_id_foreign` FOREIGN KEY (`subject_id`) REFERENCES `subjects` (`id`) ON DELETE RESTRICT ON UPDATE CASCADE,
  ADD CONSTRAINT `schedules_teacher_id_foreign` FOREIGN KEY (`teacher_id`) REFERENCES `teachers` (`id`) ON DELETE RESTRICT ON UPDATE CASCADE;
COMMIT;

/*!40101 SET CHARACTER_SET_CLIENT=@OLD_CHARACTER_SET_CLIENT */;
/*!40101 SET CHARACTER_SET_RESULTS=@OLD_CHARACTER_SET_RESULTS */;
/*!40101 SET COLLATION_CONNECTION=@OLD_COLLATION_CONNECTION */;
